serie,t_on_us,t_off_us,d_mm,rep,adc_on,adc_off,sinal
ida,1000000,1000000,2,1,824,1023,199
ida,1000000,1000000,2,2,824,1023,199
ida,1000000,1000000,2,3,824,1022,198
ida,1000000,1000000,2,4,824,1023,199
ida,1000000,1000000,2,5,824,1023,199
ida,1000000,1000000,2,6,823,1023,200
ida,1000000,1000000,2,7,824,1022,198
ida,1000000,1000000,2,8,824,1022,198
ida,1000000,1000000,2,9,823,1023,200
ida,1000000,1000000,2,10,823,1023,200
ida,1000000,1000000,2,11,822,1023,201
ida,1000000,1000000,2,12,823,1023,200
ida,1000000,1000000,2,13,822,1023,201
ida,1000000,1000000,2,14,823,1023,200
ida,1000000,1000000,2,15,824,1023,199
ida,1000000,1000000,2,16,825,1023,198
ida,1000000,1000000,2,17,826,1023,197
ida,1000000,1000000,2,18,826,1023,197
ida,1000000,1000000,2,19,826,1023,197
ida,1000000,1000000,2,20,826,1023,197
ida,1000000,1000000,4,1,837,1023,186
ida,1000000,1000000,4,2,838,1023,185
ida,1000000,1000000,4,3,835,1023,188
ida,1000000,1000000,4,4,835,1023,188
ida,1000000,1000000,4,5,835,1023,188
ida,1000000,1000000,4,6,835,1021,186
ida,1000000,1000000,4,7,837,1022,185
ida,1000000,1000000,4,8,836,1023,187
ida,1000000,1000000,4,9,835,1023,188
ida,1000000,1000000,4,10,834,1023,189
ida,1000000,1000000,4,11,835,1022,187
ida,1000000,1000000,4,12,836,1023,187
ida,1000000,1000000,4,13,835,1023,188
ida,1000000,1000000,4,14,838,1022,184
ida,1000000,1000000,4,15,838,1023,185
ida,1000000,1000000,4,16,840,1023,183
ida,1000000,1000000,4,17,840,1022,182
ida,1000000,1000000,4,18,840,1023,183
ida,1000000,1000000,4,19,839,1023,184
ida,1000000,1000000,4,20,840,1023,183
ida,1000000,1000000,8,1,916,1022,106
ida,1000000,1000000,8,2,915,1023,108
ida,1000000,1000000,8,3,914,1023,109
ida,1000000,1000000,8,4,916,1023,107
ida,1000000,1000000,8,5,916,1023,107
ida,1000000,1000000,8,6,914,1023,109
ida,1000000,1000000,8,7,912,1023,111
ida,1000000,1000000,8,8,906,1022,116
ida,1000000,1000000,8,9,906,1023,117
ida,1000000,1000000,8,10,905,1022,117
ida,1000000,1000000,8,11,905,1023,118
ida,1000000,1000000,8,12,907,1023,116
ida,1000000,1000000,8,13,907,1023,116
ida,1000000,1000000,8,14,906,1023,117
ida,1000000,1000000,8,15,905,1022,117
ida,1000000,1000000,8,16,904,1023,119
ida,1000000,1000000,8,17,902,1023,121
ida,1000000,1000000,8,18,902,1023,121
ida,1000000,1000000,8,19,906,1023,117
ida,1000000,1000000,8,20,907,1022,115
ida,1000000,1000000,6,1,668,1022,354
ida,1000000,1000000,6,2,669,1023,354
ida,1000000,1000000,6,3,667,1023,356
ida,1000000,1000000,6,4,667,1023,356
ida,1000000,1000000,6,5,669,1022,353
ida,1000000,1000000,6,6,670,1022,352
ida,1000000,1000000,6,7,669,1023,354
ida,1000000,1000000,6,8,670,1023,353
ida,1000000,1000000,6,9,669,1022,353
ida,1000000,1000000,6,10,1022,1023,1
ida,1000000,1000000,6,11,1022,1023,1
ida,1000000,1000000,6,12,1022,1023,1
ida,1000000,1000000,6,13,1022,1018,0
ida,1000000,1000000,6,14,1016,1023,7
ida,1000000,1000000,6,15,1022,1023,1
ida,1000000,1000000,6,16,722,1023,301
ida,1000000,1000000,6,17,656,1023,367
ida,1000000,1000000,6,18,649,1023,374
ida,1000000,1000000,6,19,993,1023,30
ida,1000000,1000000,6,20,1023,1023,0
ida,1000000,1000000,0,1,298,1023,725
ida,1000000,1000000,0,2,307,1023,716
ida,1000000,1000000,0,3,304,1023,719
ida,1000000,1000000,0,4,293,1023,730
ida,1000000,1000000,0,5,313,1023,710
ida,1000000,1000000,0,6,311,1023,712
ida,1000000,1000000,0,7,321,1023,702
ida,1000000,1000000,0,8,323,1023,700
ida,1000000,1000000,0,9,328,1023,695
ida,1000000,1000000,0,10,320,1022,702
ida,1000000,1000000,0,11,322,1023,701
ida,1000000,1000000,0,12,334,1023,689
ida,1000000,1000000,0,13,341,1022,681
ida,1000000,1000000,0,14,324,1022,698
ida,1000000,1000000,0,15,309,1023,714
ida,1000000,1000000,0,16,315,1023,708
ida,1000000,1000000,0,17,330,1023,693
ida,1000000,1000000,0,18,326,1023,697
ida,1000000,1000000,0,19,326,1023,697
ida,1000000,1000000,0,20,331,1022,691
